year,constructorId,constructor_points_season
1950,6,21.0
1950,51,89.0
1950,87,0.0
1950,105,11.0
1950,107,0.0
1950,110,0.0
1950,113,14.0
1950,116,0.0
1950,119,0.0
1950,126,0.0
1950,129,0.0
1950,138,0.0
1950,141,3.0
1950,150,10.0
1950,151,0.0
1950,154,20.0
1950,156,0.0
1950,157,0.0
1950,158,0.0
1950,159,0.0
1950,160,0.0
1950,161,0.0
1950,162,0.0
1950,163,0.0
1951,6,86.0
1951,51,75.0
1951,66,2.0
1951,105,0.0
1951,107,0.0
1951,110,0.0
1951,111,0.0
1951,113,19.0
1951,114,0.0
1951,119,0.0
1951,126,0.0
1951,127,0.0
1951,133,0.0
1951,134,2.0
1951,135,0.0
1951,139,0.0
1951,141,0.0
1951,144,0.0
1951,149,3.0
1951,150,0.0
1951,151,0.0
1951,154,5.0
1951,155,0.0
1951,156,0.0
1952,6,120.5
1952,87,12.0
1952,105,8.5
1952,107,0.0
1952,110,3.0
1952,111,0.0
1952,113,13.0
1952,114,8.0
1952,125,5.0
1952,126,0.0
1952,127,0.0
1952,128,15.0
1952,129,0.0
1952,133,2.0
1952,139,0.0
1952,141,2.0
1952,144,0.0
1952,145,0.0
1952,147,0.0
1952,148,3.0
1952,149,0.0
1952,150,0.0
1952,151,0.0
1952,152,0.0
1952,153,0.0
1953,6,122.5
1953,87,0.0
1953,105,65.5
1953,107,0.0
1953,110,0.0
1953,113,24.0
1953,114,0.0
1953,125,0.0
1953,127,0.0
1953,128,4.0
1953,129,0.0
1953,133,0.0
1953,134,0.0
1953,139,0.0
1953,141,0.0
1953,142,0.0
1953,143,0.0
1953,144,0.0
1953,145,0.0
1953,146,0.0
1953,147,0.0
1954,6,80.28
1954,87,0.0
1954,105,46.14
1954,109,0.0
1954,113,18.0
1954,114,6.0
1954,118,0.0
1954,125,0.0
1954,128,4.0
1954,129,0.0
1954,131,60.14
1954,132,1.0
1954,133,0.0
1954,134,0.0
1954,135,0.0
1954,136,0.0
1954,138,0.0
1954,139,0.0
1954,140,0.0
1955,6,33.99
1955,87,0.0
1955,105,23.0
1955,108,0.0
1955,109,0.0
1955,111,0.0
1955,113,21.0
1955,114,3.0
1955,118,0.0
1955,125,0.0
1955,128,0.0
1955,129,0.0
1955,131,79.0
1955,132,8.0
1955,133,0.0
1955,134,0.0
1955,135,0.0
1955,136,0.0
1955,137,0.0
1956,6,82.0
1956,66,0.0
1956,87,0.0
1956,99,0.0
1956,105,72.0
1956,107,8.0
1956,109,4.0
1956,110,0.0
1956,113,12.0
1956,114,0.0
1956,118,3.0
1956,125,9.0
1956,128,2.0
1956,129,0.0
1956,130,0.0
1957,6,48.0
1957,66,0.0
1957,87,2.0
1957,95,0.0
1957,105,78.0
1957,107,0.0
1957,108,15.0
1957,109,0.0
1957,110,0.0
1957,113,5.0
1957,114,4.0
1957,118,37.0
1957,120,0.0
1957,125,3.0
1958,6,93.0
1958,32,3.0
1958,66,24.0
1958,87,38.0
1958,95,0.0
1958,105,9.0
1958,107,0.0
1958,108,20.0
1958,109,0.0
1958,110,0.0
1958,113,4.0
1958,114,0.0
1958,118,68.0
1958,120,0.0
1958,125,0.0
1958,127,0.0
1959,6,67.0
1959,32,5.0
1959,66,22.5
1959,95,0.0
1959,101,0.0
1959,105,0.0
1959,107,14.0
1959,108,5.0
1959,109,0.0
1959,110,5.0
1959,113,0.0
1959,114,0.0
1959,115,0.0
1959,117,0.0
1959,118,0.0
1959,119,0.0
1959,120,0.0
1959,121,0.0
1959,122,0.0
1959,123,0.0
1959,124,0.0
1959,125,0.0
1959,167,0.0
1959,168,0.0
1959,169,0.0
1959,170,97.5
1960,6,43.0
1960,32,52.0
1960,66,8.0
1960,95,1.0
1960,101,0.0
1960,104,0.0
1960,105,0.0
1960,106,0.0
1960,107,14.0
1960,108,4.0
1960,109,3.0
1960,110,2.0
1960,111,1.0
1960,112,0.0
1960,113,0.0
1960,114,0.0
1960,115,0.0
1960,116,0.0
1960,117,0.0
1960,118,0.0
1960,167,3.0
1960,170,102.0
1960,171,3.0
1961,6,99.0
1961,66,9.0
1961,95,24.0
1961,97,0.0
1961,99,0.0
1961,101,0.0
1961,102,0.0
1961,103,0.0
1961,167,0.0
1961,170,24.0
1961,172,44.0
1961,173,0.0
1961,174,0.0
1961,175,0.0
1962,6,30.0
1962,26,19.0
1962,32,0.0
1962,34,6.0
1962,66,62.0
1962,86,0.0
1962,87,0.0
1962,89,0.0
1962,95,20.0
1962,97,0.0
1962,99,0.0
1962,100,0.0
1962,170,45.0
1962,172,42.0
1962,174,0.0
1962,175,0.0
1962,176,1.0
1962,177,0.0
1962,178,0.0
1963,6,27.0
1963,26,0.0
1963,32,0.0
1963,34,33.0
1963,51,0.0
1963,54,0.0
1963,66,65.0
1963,86,0.0
1963,89,0.0
1963,92,0.0
1963,94,6.0
1963,95,5.0
1963,97,0.0
1963,98,0.0
1963,167,0.0
1963,170,32.0
1963,172,74.0
1963,173,0.0
1963,176,4.0
1963,177,0.0
1963,179,0.0
1963,180,0.0
1964,6,64.0
1964,11,0.0
1964,66,70.0
1964,92,0.0
1964,94,5.0
1964,95,0.0
1964,96,0.0
1964,170,16.0
1964,172,49.0
1964,176,3.0
1964,181,7.0
1964,182,0.0
1964,183,36.0
1965,6,32.0
1965,11,13.0
1965,51,0.0
1965,66,81.0
1965,93,0.0
1965,167,0.0
1965,170,14.0
1965,172,64.0
1965,176,2.0
1965,180,0.0
1965,181,5.0
1965,182,0.0
1965,183,39.0
1965,184,0.0
1965,185,0.0
1965,186,0.0
1966,6,42.0
1966,11,3.0
1966,66,34.0
1966,91,0.0
1966,167,49.0
1966,172,8.0
1966,176,13.0
1966,181,1.0
1966,183,1.0
1966,187,2.0
1966,188,1.0
1966,189,4.0
1966,190,0.0
1966,191,63.0
1966,192,0.0
1967,6,23.0
1967,11,20.0
1967,26,0.0
1967,66,21.0
1967,82,0.0
1967,90,0.0
1967,167,31.0
1967,170,6.0
1967,172,0.0
1967,176,6.0
1967,180,50.0
1967,182,0.0
1967,183,2.0
1967,184,0.0
1967,187,0.0
1967,189,0.0
1967,190,13.0
1967,191,100.0
1967,193,0.0
1967,194,3.0
1968,1,0.0
1968,6,37.0
1968,11,14.0
1968,26,0.0
1968,66,28.0
1968,82,8.0
1968,89,0.0
1968,167,0.0
1968,170,0.0
1968,180,75.0
1968,183,0.0
1968,187,56.0
1968,190,0.0
1968,191,12.0
1968,194,3.0
1968,195,20.0
1968,196,45.0
1969,6,7.0
1969,66,7.0
1969,167,0.0
1969,180,59.0
1969,182,68.0
1969,183,0.0
1969,187,49.0
1969,189,0.0
1969,191,0.0
1969,196,85.0
1969,197,0.0
1970,6,76.0
1970,25,0.0
1970,32,70.0
1970,34,35.0
1970,37,55.0
1970,63,3.0
1970,66,25.0
1970,82,24.0
1970,85,0.0
1970,86,0.0
1970,187,36.0
1970,198,0.0
1971,1,13.0
1971,6,44.0
1971,25,88.0
1971,34,7.0
1971,63,9.0
1971,66,42.0
1971,82,10.0
1971,85,0.0
1971,180,25.0
1971,199,0.0
1971,200,37.0
1971,201,0.0
1972,1,66.0
1972,6,47.0
1972,25,60.0
1972,32,61.0
1972,34,7.0
1972,37,15.0
1972,63,18.0
1972,66,14.0
1972,81,0.0
1972,82,12.0
1972,83,0.0
1972,84,0.0
1973,1,68.0
1973,6,14.0
1973,25,118.0
1973,32,107.0
1973,34,22.0
1973,37,14.0
1973,57,0.0
1973,58,9.0
1973,63,7.0
1973,66,13.0
1973,80,2.0
1973,81,1.0
1974,1,87.0
1974,6,90.0
1974,25,59.0
1974,26,1.0
1974,32,47.0
1974,34,46.0
1974,37,6.0
1974,57,0.0
1974,58,7.0
1974,63,3.0
1974,64,15.0
1974,66,10.0
1974,67,0.0
1974,73,0.0
1974,74,0.0
1974,76,0.0
1974,77,0.0
1974,78,0.0
1974,79,0.0
1974,80,4.0
1975,1,65.0
1975,3,6.0
1975,6,89.5
1975,25,32.0
1975,26,0.0
1975,32,9.0
1975,34,61.0
1975,37,9.0
1975,56,0.0
1975,57,1.0
1975,63,0.0
1975,64,33.0
1975,66,0.0
1975,67,2.0
1975,73,5.0
1975,74,0.0
1975,75,3.0
1975,76,0.0
1975,202,9.5
1975,203,0.0
1976,1,88.0
1976,3,0.0
1976,6,99.0
1976,25,88.0
1976,27,20.0
1976,32,32.0
1976,37,19.0
1976,56,3.0
1976,57,2.0
1976,58,10.0
1976,59,0.0
1976,63,7.0
1976,64,0.0
1976,66,0.0
1976,67,20.0
1976,70,0.0
1976,72,0.0
1976,73,1.0
1976,74,0.0
1976,182,0.0
1976,204,11.0
1977,1,65.0
1977,4,0.0
1977,6,114.0
1977,25,27.0
1977,27,18.0
1977,32,67.0
1977,34,27.0
1977,37,0.0
1977,56,11.0
1977,57,10.0
1977,58,24.0
1977,59,55.0
1977,63,6.0
1977,64,0.0
1977,66,0.0
1977,67,1.0
1977,68,0.0
1977,69,0.0
1977,70,0.0
1977,71,0.0
1977,72,0.0
1978,1,16.0
1978,3,11.0
1978,4,3.0
1978,6,65.0
1978,21,11.0
1978,25,41.0
1978,27,19.0
1978,32,116.0
1978,34,69.0
1978,54,0.0
1978,55,0.0
1978,56,17.0
1978,57,1.0
1978,58,6.0
1978,59,24.0
1978,60,0.0
1978,63,1.0
1978,64,0.0
1978,65,0.0
1979,1,15.0
1979,3,75.0
1979,4,26.0
1979,6,113.0
1979,21,5.0
1979,25,28.0
1979,27,61.0
1979,32,39.0
1979,51,0.0
1979,54,2.0
1979,56,1.0
1979,57,0.0
1979,58,3.0
1979,59,0.0
1979,60,0.0
1979,61,0.0
1979,62,0.0
1979,182,0.0
1979,204,7.0
1980,1,11.0
1980,3,120.0
1980,4,38.0
1980,6,8.0
1980,21,11.0
1980,25,12.0
1980,27,66.0
1980,32,14.0
1980,34,55.0
1980,45,0.0
1980,51,4.0
1980,54,0.0
1980,56,11.0
1980,57,0.0
1980,58,0.0
1981,1,28.0
1981,3,95.0
1981,4,54.0
1981,6,34.0
1981,21,10.0
1981,25,10.0
1981,27,44.0
1981,32,22.0
1981,34,61.0
1981,37,0.0
1981,45,0.0
1981,51,10.0
1981,53,0.0
1981,54,1.0
1981,55,1.0
1981,56,0.0
1981,57,5.0
1982,1,69.0
1982,3,58.0
1982,4,62.0
1982,6,74.0
1982,21,5.0
1982,25,25.0
1982,27,20.0
1982,32,30.0
1982,34,41.0
1982,37,0.0
1982,45,3.0
1982,51,7.0
1982,53,0.0
1982,54,4.0
1982,55,0.0
1982,56,1.0
1982,57,0.0
1983,1,34.0
1983,3,38.0
1983,4,79.0
1983,6,89.0
1983,21,4.0
1983,25,12.0
1983,27,0.0
1983,32,12.0
1983,34,72.0
1983,45,0.0
1983,50,0.0
1983,51,18.0
1983,52,0.0
1983,53,10.0
1983,54,0.0
1983,55,1.0
1984,1,143.5
1984,3,25.5
1984,4,34.0
1984,6,57.5
1984,21,6.0
1984,25,0.0
1984,27,3.0
1984,32,47.0
1984,34,38.0
1984,45,2.0
1984,50,0.0
1984,51,11.0
1984,52,0.0
1984,53,16.0
1984,54,0.0
1985,1,90.0
1985,3,71.0
1985,4,16.0
1985,6,82.0
1985,18,0.0
1985,21,14.0
1985,25,7.0
1985,26,0.0
1985,27,23.0
1985,32,71.0
1985,34,26.0
1985,45,0.0
1985,49,0.0
1985,50,0.0
1985,51,0.0
1985,52,0.0
1985,53,0.0
1986,1,96.0
1986,3,141.0
1986,6,37.0
1986,18,0.0
1986,21,1.0
1986,22,19.0
1986,25,11.0
1986,26,6.0
1986,27,29.0
1986,32,58.0
1986,34,2.0
1986,39,0.0
1986,45,0.0
1986,49,0.0
1987,1,76.0
1987,3,137.0
1987,6,53.0
1987,18,0.0
1987,21,11.0
1987,22,28.0
1987,25,11.0
1987,27,1.0
1987,32,64.0
1987,33,3.0
1987,34,10.0
1987,37,1.0
1987,39,1.0
1987,42,0.0
1987,45,0.0
1987,49,2.0
1988,1,199.0
1988,3,20.0
1988,6,65.0
1988,18,1.0
1988,21,23.0
1988,22,39.0
1988,25,5.0
1988,27,0.0
1988,32,23.0
1988,33,0.0
1988,35,0.0
1988,37,22.0
1988,39,0.0
1988,42,0.0
1988,44,0.0
1988,45,0.0
1988,48,3.0
1988,49,0.0
1989,1,141.0
1989,3,77.0
1989,6,59.0
1989,18,6.0
1989,21,13.0
1989,22,39.0
1989,25,16.0
1989,27,3.0
1989,32,15.0
1989,33,1.0
1989,34,8.0
1989,35,8.0
1989,37,4.0
1989,39,1.0
1989,42,0.0
1989,44,0.0
1989,45,0.0
1989,46,6.0
1989,48,3.0
1989,49,0.0
1990,1,121.0
1990,3,57.0
1990,6,110.0
1990,18,0.0
1990,21,2.0
1990,22,71.0
1990,25,16.0
1990,27,0.0
1990,32,3.0
1990,33,11.0
1990,34,2.0
1990,35,0.0
1990,39,0.0
1990,41,7.0
1990,42,0.0
1990,44,0.0
1990,45,0.0
1990,46,0.0
1990,47,0.0
1991,1,139.0
1991,3,125.0
1991,6,55.5
1991,17,13.0
1991,18,6.0
1991,22,38.5
1991,25,12.0
1991,26,1.0
1991,27,0.0
1991,29,0.0
1991,32,3.0
1991,33,1.0
1991,34,3.0
1991,35,5.0
1991,36,0.0
1991,39,0.0
1991,40,0.0
1991,41,1.0
1991,42,0.0
1992,1,99.0
1992,3,164.0
1992,6,21.0
1992,17,1.0
1992,18,1.0
1992,22,91.0
1992,25,8.0
1992,27,6.0
1992,29,6.0
1992,32,13.0
1992,33,1.0
1992,34,0.0
1992,35,2.0
1992,36,0.0
1992,37,3.0
1992,38,0.0
1993,1,84.0
1993,3,168.0
1993,6,28.0
1993,15,12.0
1993,17,3.0
1993,18,7.0
1993,22,72.0
1993,25,0.0
1993,26,0.0
1993,27,23.0
1993,29,4.0
1993,32,12.0
1993,33,3.0
1994,1,42.0
1994,3,118.0
1994,6,71.0
1994,15,12.0
1994,17,28.0
1994,18,5.0
1994,22,103.0
1994,25,13.0
1994,27,13.0
1994,29,9.0
1994,30,0.0
1994,31,0.0
1994,32,0.0
1994,33,2.0
1995,1,30.0
1995,3,118.0
1995,6,73.0
1995,15,18.0
1995,17,21.0
1995,18,1.0
1995,22,147.0
1995,25,5.0
1995,27,24.0
1995,28,0.0
1995,29,5.0
1995,30,0.0
1995,31,0.0
1996,1,49.0
1996,3,175.0
1996,6,70.0
1996,15,11.0
1996,17,22.0
1996,18,0.0
1996,22,68.0
1996,25,5.0
1996,27,15.0
1996,28,0.0
1996,29,1.0
1997,1,63.0
1997,3,123.0
1997,6,102.0
1997,15,16.0
1997,17,33.0
1997,18,0.0
1997,20,21.0
1997,21,9.0
1997,22,67.0
1997,24,6.0
1997,25,2.0
1997,26,0.0
1998,1,156.0
1998,3,38.0
1998,6,133.0
1998,15,10.0
1998,17,34.0
1998,18,0.0
1998,20,1.0
1998,21,6.0
1998,22,33.0
1998,24,5.0
1998,25,0.0
1999,1,124.0
1999,3,35.0
1999,6,128.0
1999,15,5.0
1999,16,0.0
1999,17,61.0
1999,18,1.0
1999,20,9.0
1999,21,1.0
1999,22,16.0
1999,24,36.0
2000,1,162.0
2000,3,36.0
2000,6,170.0
2000,15,6.0
2000,16,20.0
2000,17,17.0
2000,18,0.0
2000,19,4.0
2000,20,0.0
2000,21,7.0
2000,22,20.0
2001,1,102.0
2001,3,80.0
2001,6,179.0
2001,15,21.0
2001,16,17.0
2001,17,19.0
2001,18,0.0
2001,19,9.0
2001,20,4.0
2001,21,1.0
2001,22,10.0
2002,1,65.0
2002,3,92.0
2002,4,23.0
2002,6,221.0
2002,7,2.0
2002,15,11.0
2002,16,7.0
2002,17,9.0
2002,18,2.0
2002,19,8.0
2002,21,2.0
2003,1,142.0
2003,3,144.0
2003,4,88.0
2003,6,158.0
2003,7,16.0
2003,15,19.0
2003,16,26.0
2003,17,13.0
2003,18,0.0
2003,19,18.0
2004,1,69.0
2004,3,88.0
2004,4,105.0
2004,6,262.0
2004,7,9.0
2004,15,34.0
2004,16,119.0
2004,17,5.0
2004,18,1.0
2004,19,10.0
2005,1,182.0
2005,3,66.0
2005,4,191.0
2005,6,100.0
2005,7,88.0
2005,9,34.0
2005,15,20.0
2005,16,38.0
2005,17,12.0
2005,18,7.0
2006,1,110.0
2006,2,36.0
2006,3,11.0
2006,4,206.0
2006,5,1.0
2006,6,201.0
2006,7,35.0
2006,8,0.0
2006,9,16.0
2006,11,86.0
2006,13,0.0
2006,14,0.0
2007,1,218.0
2007,2,101.0
2007,3,33.0
2007,4,51.0
2007,5,8.0
2007,6,204.0
2007,7,13.0
2007,8,4.0
2007,9,24.0
2007,11,6.0
2007,12,1.0
2008,1,151.0
2008,2,135.0
2008,3,26.0
2008,4,80.0
2008,5,39.0
2008,6,172.0
2008,7,56.0
2008,8,0.0
2008,9,29.0
2008,10,0.0
2008,11,14.0
2009,1,71.0
2009,2,36.0
2009,3,34.5
2009,4,26.0
2009,5,8.0
2009,6,70.0
2009,7,59.5
2009,9,153.5
2009,10,13.0
2009,23,172.0
2010,1,454.0
2010,3,69.0
2010,4,163.0
2010,5,13.0
2010,6,396.0
2010,9,498.0
2010,10,68.0
2010,15,44.0
2010,131,214.0
2010,164,0.0
2010,166,0.0
2010,205,0.0
2011,1,497.0
2011,3,5.0
2011,4,73.0
2011,5,41.0
2011,6,375.0
2011,9,650.0
2011,10,69.0
2011,15,44.0
2011,131,165.0
2011,164,0.0
2011,166,0.0
2011,205,0.0
2012,1,378.0
2012,3,76.0
2012,5,26.0
2012,6,400.0
2012,9,460.0
2012,10,109.0
2012,15,126.0
2012,131,142.0
2012,164,0.0
2012,206,0.0
2012,207,0.0
2012,208,303.0
2013,1,122.0
2013,3,5.0
2013,5,33.0
2013,6,354.0
2013,9,596.0
2013,10,77.0
2013,15,57.0
2013,131,360.0
2013,206,0.0
2013,207,0.0
2013,208,315.0
2014,1,181.0
2014,3,320.0
2014,5,30.0
2014,6,216.0
2014,9,405.0
2014,10,155.0
2014,15,0.0
2014,131,701.0
2014,206,2.0
2014,207,0.0
2014,208,10.0
2015,1,27.0
2015,3,257.0
2015,5,67.0
2015,6,428.0
2015,9,187.0
2015,10,136.0
2015,15,36.0
2015,131,703.0
2015,208,78.0
2015,209,0.0
2016,1,76.0
2016,3,138.0
2016,4,8.0
2016,5,63.0
2016,6,398.0
2016,9,468.0
2016,10,173.0
2016,15,2.0
2016,131,765.0
2016,209,1.0
2016,210,29.0
2017,1,30.0
2017,3,83.0
2017,4,57.0
2017,5,53.0
2017,6,522.0
2017,9,368.0
2017,10,187.0
2017,15,5.0
2017,131,668.0
2017,210,47.0
2018,1,62.0
2018,3,7.0
2018,4,122.0
2018,5,33.0
2018,6,571.0
2018,9,419.0
2018,10,111.0
2018,15,48.0
2018,131,655.0
2018,210,93.0
2019,1,145.0
2019,3,1.0
2019,4,91.0
2019,5,85.0
2019,6,504.0
2019,9,417.0
2019,51,57.0
2019,131,739.0
2019,210,28.0
2019,211,73.0
2020,1,202.0
2020,3,0.0
2020,4,181.0
2020,6,131.0
2020,9,319.0
2020,51,8.0
2020,131,573.0
2020,210,3.0
2020,211,210.0
2020,213,107.0
2021,1,274.0
2021,3,23.0
2021,6,322.5
2021,9,578.5
2021,51,13.0
2021,117,77.0
2021,131,604.5
2021,210,0.0
2021,213,142.0
2021,214,155.0
2022,1,150.0
2022,3,8.0
2022,6,519.0
2022,9,724.0
2022,51,53.0
2022,117,55.0
2022,131,495.0
2022,210,33.0
2022,213,35.0
2022,214,170.0
2023,1,266.0
2023,3,26.0
2023,6,363.0
2023,9,790.0
2023,51,16.0
2023,117,266.0
2023,131,374.0
2023,210,9.0
2023,213,22.0
2023,214,110.0
2024,1,609.0
2024,3,17.0
2024,6,595.0
2024,9,537.0
2024,15,4.0
2024,117,94.0
2024,131,433.0
2024,210,51.0
2024,214,63.0
2024,215,40.0
