driverId,avg_finish,finish_std,avg_laptime,laptime_std,avg_grid_delta,avg_points,race_count
1,4.7535816618911175,5.195269738144164,98.77730640048479,18.516944575183725,-0.4699140401146132,13.79512893982808,349
2,10.380681818181818,5.209603394930128,94.18620807319189,18.396243400296267,0.8693181818181818,1.4715909090909092,176
3,7.844221105527638,5.87761154260937,101.25292427430695,24.947316252906838,-1.085427135678392,8.00251256281407,199
4,8.228426395939087,5.851739400043292,98.68111778693438,22.031147229247388,0.24619289340101522,5.911167512690355,394
5,13.05607476635514,5.5640893331761685,103.46292323521259,32.47038086498788,0.6074766355140186,0.9813084112149533,107
6,13.17142857142857,3.6095112451094296,98.41768695272617,15.626998609300724,0.4857142857142857,0.2571428571428571,35
7,13.916666666666666,4.138017448706217,97.51493520447646,13.199488581315771,0.5833333333333334,0.16666666666666666,24
8,8.088757396449704,5.8809498006852206,96.50401957469086,18.824055292592973,-0.6715976331360947,5.538461538461538,338
9,10.53061224489796,5.981421548846325,97.3275064917522,16.58965948834553,-0.9285714285714286,2.795918367346939,98
10,14.931818181818182,5.5663096889024315,104.45268372178292,25.306158458939645,2.1136363636363638,0.5568181818181818,88
11,13.333333333333334,4.5944017164134605,93.44164568603787,16.508943281004772,1.1264367816091954,0.5057471264367817,87
12,13.23076923076923,5.101432679612208,96.49945789246134,12.398844177996265,0.3076923076923077,0.7307692307692307,26
13,8.593869731800766,5.202421844151375,97.87039409391916,18.90373851399101,-0.26053639846743293,4.471264367816092,261
14,8.976415094339623,6.0397114253713795,92.5679572450368,13.894964882098156,-1.0141509433962264,2.2264150943396226,212
15,11.848101265822784,5.7771216095385,97.40378576077386,21.9391233095347,-1.3628691983122363,1.040084388185654,237
16,14.223140495867769,4.689505310274894,103.15794620722843,23.356782788314835,0.5371900826446281,1.024793388429752,121
17,9.52153110047847,6.327653407422123,97.31159970830551,21.92749464551666,-1.4210526315789473,5.002392344497608,209
18,9.414141414141413,5.82227218522575,97.39513317362737,17.68419798905679,0.4511784511784512,4.124579124579125,297
19,16.0,3.0705978943149534,98.93726639419592,13.704874046989465,0.8636363636363636,0.0,22
20,6.721649484536083,6.09534972780902,100.33479776633452,21.17194413826895,-0.5257731958762887,10.642611683848797,291
21,10.54337899543379,5.491585681809736,93.67834684487971,14.746400030835424,0.817351598173516,1.2557077625570776,219
22,9.390977443609023,6.066094558440558,94.26362518092793,15.983985972410903,-0.7631578947368421,2.3533834586466167,266
23,9.401162790697674,5.953680746352173,92.61305147729422,14.84770226985477,-1.5813953488372092,1.9127906976744187,172
24,15.342465753424657,4.670293763310446,100.82477968019539,22.85804366868758,1.36986301369863,0.3424657534246575,73
25,10.984615384615385,5.337052989748613,94.68328821896334,13.958757067108989,1.2461538461538462,0.6923076923076923,65
26,14.68,3.91279950930277,93.3652222868633,17.667670897611725,2.12,0.0,25
27,15.073170731707316,3.4306722657697795,93.07585065034708,11.914622362722069,3.1951219512195124,0.0975609756097561,41
29,18.36842105263158,2.650168261236538,105.03470523997179,23.919330427009548,3.3684210526315788,0.0,19
30,6.275862068965517,6.435946409039377,94.15469834555948,17.333336914840913,-1.0043103448275863,5.443965517241379,232
31,8.164835164835164,6.465745185658092,88.84411506409684,11.782643819059968,-3.120879120879121,3.3736263736263736,91
32,13.093023255813954,4.48178298643983,93.77996064582398,15.471938646403274,0.18604651162790697,0.27906976744186046,43
33,14.17142857142857,3.7060023990160347,92.91950083272361,11.29084980900144,3.5714285714285716,0.2,35
35,9.898089171974522,5.455160710429418,91.84752740996807,12.457546426459967,-0.7643312101910829,1.4585987261146496,157
37,14.770833333333334,5.194084016641417,98.93620401323734,23.7699125188514,1.5625,0.3541666666666667,96
38,14.5,2.5055493963954847,98.01569471681356,16.07612299536171,2.9,0.0,10
39,18.288888888888888,4.27796798737556,103.29349825712364,24.659340777606555,2.311111111111111,0.1111111111111111,45
40,15.9,4.094712037087183,93.18738500602544,11.432032037892744,2.1,0.3,10
41,13.17142857142857,4.553510050665596,96.53215046616809,14.505528964387054,1.542857142857143,0.08571428571428572,35
42,12.176470588235293,4.186814035123352,96.77007909364333,17.870018829558486,0.29411764705882354,0.47058823529411764,17
43,11.576923076923077,3.9615459297913165,88.11451604103188,9.489311747545035,-0.3076923076923077,0.5,26
44,11.974576271186441,4.729362481036844,94.18051508462644,14.746488978166306,-0.1440677966101695,0.4152542372881356,118
45,15.727272727272727,2.053821272209882,90.08345166149186,7.858865531180977,0.9090909090909091,0.0,11
46,16.266666666666666,1.8695555876298768,92.0780183822278,8.859732070867512,2.066666666666667,0.0,15
47,15.263157894736842,3.5093859111936108,92.85562470270787,10.978434663510804,3.473684210526316,0.05263157894736842,19
48,13.090909090909092,4.171058291696158,94.00385562318222,12.35992023323579,6.242424242424242,0.15151515151515152,33
49,10.319327731092438,6.054740086108253,94.8231031038269,16.585635732479766,-1.680672268907563,1.2773109243697478,119
50,13.808988764044944,4.089555445095307,94.99765996320419,13.76532739820589,3.0224719101123596,0.07865168539325842,89
51,14.466666666666667,3.067494712224262,99.74681656368118,25.29664616513093,2.6,0.06666666666666667,15
52,13.333333333333334,3.2003787654626508,90.82150795730713,11.612185534154523,3.5833333333333335,0.08333333333333333,12
54,13.153846153846153,4.278748918514886,90.84944069458776,12.640143351988543,3.6923076923076925,0.0,13
55,10.085106382978724,5.665704360672155,94.15113135785235,13.311307006459023,1.0638297872340425,1.053191489361702,94
56,9.623853211009175,6.140015971184573,94.15295943678268,15.991270949048873,-0.22935779816513763,1.5963302752293578,109
57,6.861702127659575,6.6228685982327775,97.30121275158625,38.52137230146077,-2.9361702127659575,3.8297872340425534,94
58,15.0,3.7543625417956235,97.62385969904716,17.26986450813746,6.090909090909091,0.0,22
59,15.407407407407407,4.021664975329146,95.27563559275444,19.128485773161184,2.814814814814815,0.0,27
60,13.842105263157896,3.0598322011860724,95.75274550733393,14.42108896488135,7.421052631578948,0.0,19
62,15.0,3.696845502136473,92.70863022388941,11.328152025220183,6.230769230769231,0.0,13
63,11.932584269662922,4.884571612390172,94.82788208237578,12.866508765435002,2.640449438202247,0.3146067415730337,89
64,13.736842105263158,5.188110564364466,96.52577529927282,13.77249376620415,2.3026315789473686,0.13157894736842105,76
65,11.818181818181818,5.486172265286783,96.36669639977457,22.444305203483463,0.37662337662337664,0.45454545454545453,77
66,13.846153846153847,4.723101979387308,88.06426422978022,10.969557949342459,1.9230769230769231,0.0,13
67,14.137254901960784,4.651965639783412,105.40392197322963,27.62785966290596,0.49019607843137253,0.5294117647058824,51
68,14.392857142857142,3.7152267835099995,97.6183105083638,14.637749541852655,4.607142857142857,0.0,28
69,13.73913043478261,3.9910968110208387,99.35657150944594,11.110232863905692,6.565217391304348,0.0,23
70,13.533333333333333,4.688384837121669,95.46473182263267,11.783730969250488,-0.3333333333333333,0.0,15
71,9.639344262295081,6.625789982800153,95.30147921188289,14.289868446039101,-1.6721311475409837,2.1475409836065573,61
73,14.166666666666666,4.039658473152173,96.93090105815213,12.458008518962172,5.5,0.0,24
74,15.071428571428571,3.604789244117539,98.95298903233096,17.48327948672512,5.285714285714286,0.0,14
75,13.84375,4.711751780252189,98.33740379747631,22.705658522571877,4.34375,0.0625,32
76,15.142857142857142,5.022805135436913,96.4925545465151,13.758832902863023,1.0476190476190477,0.047619047619047616,21
77,8.033333333333333,4.88123312100633,96.22976875308294,13.793411157266489,-0.7333333333333333,1.6,30
79,14.625,4.069952841131241,101.16656706209484,20.362311244282786,2.9375,0.0,32
83,12.214285714285714,2.293085641279401,98.59389637465422,11.777324870042365,6.214285714285714,0.0,14
84,10.625,4.759201613716317,99.1538913899334,13.422135846667494,0.5,0.5,16
153,13.380952380952381,4.344620340158176,104.71443027842285,24.406617879740494,1.7380952380952381,0.7380952380952381,42
154,12.688622754491018,5.1890805086742695,100.22446546393545,17.258075700426044,-1.0179640718562875,2.2934131736526946,167
155,13.289855072463768,5.528273449425987,107.27462219908756,25.319781662639453,0.8695652173913043,1.8115942028985508,69
807,11.285046728971963,4.566469007853232,100.08737715648351,18.950539732987924,-0.9158878504672897,2.630841121495327,214
808,13.777777777777779,4.449577748322282,106.07905185114866,26.891045757595904,0.8888888888888888,1.1851851851851851,54
810,18.823529411764707,2.627624738181973,121.43898687817222,51.647634872016475,3.2941176470588234,0.0,17
811,15.279069767441861,4.895700647338431,107.30855490811433,23.820761932354444,1.5348837209302326,0.7674418604651163,43
812,17.6,2.547329756605707,102.05975929953281,11.533413956728804,5.3,0.0,10
813,14.7,4.547996225033759,106.4121951339417,24.564817844214446,-0.5888888888888889,0.8444444444444444,90
814,11.701754385964913,4.7957008734040025,104.94646791013953,22.20444246495428,0.3333333333333333,2.1052631578947367,57
815,8.934065934065934,5.107957023264689,101.24367844122612,23.877638527964486,0.5128205128205128,5.805860805860806,273
816,18.57894736842105,2.5887746881420393,114.10362431306889,30.21104302303817,2.9473684210526314,0.0,19
817,10.047619047619047,5.640430520791368,100.50569553401193,19.50540437787396,-0.1626984126984127,5.238095238095238,252
818,14.035087719298245,4.8585892730617575,103.96586416932956,19.77720411919271,0.08771929824561403,0.8947368421052632,57
819,18.157894736842106,2.573527558960329,103.65173841691153,18.07910049611593,2.4473684210526314,0.0,38
820,17.606060606060606,2.3040642615196565,106.65334523109094,19.886692514606445,2.5454545454545454,0.0,33
821,15.10344827586207,3.343963690584027,109.93711986729578,55.89555580395273,0.1206896551724138,0.10344827586206896,58
822,8.881147540983607,5.980611086318555,100.25171382358305,22.362919233698317,-0.9959016393442623,7.327868852459017,244
823,17.88235294117647,2.521962354526145,107.28543576906995,17.828306376469996,1.411764705882353,0.0,17
824,16.870967741935484,2.4595654830866764,107.17872114271277,20.71335943725025,1.8709677419354838,0.06451612903225806,31
825,13.488888888888889,3.958568796289847,99.16144261347262,17.51238526704552,-0.5388888888888889,0.9888888888888889,180
826,12.12962962962963,4.5551502998328335,101.26862352493703,19.057305458583777,-0.24074074074074073,1.8518518518518519,108
828,14.884210526315789,3.3639615636947573,105.0321851023179,38.74805021523136,1.9684210526315788,0.18947368421052632,95
829,16.41176470588235,1.7698454568623982,107.69003591239154,23.150672973504726,1.3529411764705883,0.0,17
830,5.198019801980198,5.569139919448244,98.42815767728354,19.060157109869863,-0.21782178217821782,14.418316831683168,202
831,14.236842105263158,3.766381951080171,106.97599877374148,30.050828675279124,1.8157894736842106,0.5,38
832,8.808080808080808,5.132115993634316,99.48835117473374,20.75037843723307,-0.2676767676767677,6.068181818181818,198
833,15.75,2.0943647333651407,101.3633968110794,13.7233438347756,2.4166666666666665,0.0,12
835,14.969696969696969,3.9724429549463673,102.16450672693247,17.33193010115846,1.5454545454545454,0.2727272727272727,33
836,15.805555555555555,3.267322577493203,103.22707337110626,22.019795629071506,1.5833333333333333,0.16666666666666666,36
837,18.3,2.0575065816014617,97.72672119623147,16.30688036917888,1.2,0.0,10
838,12.948717948717949,3.008310576322985,98.12782119093504,16.53083136992952,2.358974358974359,0.6410256410256411,39
839,10.80952380952381,4.524413733811618,99.7118749063805,20.527054705005956,0.2789115646258503,2.993197278911565,147
840,12.074534161490684,4.193078813698618,102.57323547073173,55.56927494524975,1.1490683229813665,1.7763975155279503,161
841,13.885245901639344,2.98383623688107,100.89667269119433,26.382652429929042,0.45901639344262296,0.3442622950819672,61
842,11.013422818791947,4.548517098983587,99.60002028788523,21.485217509542736,-0.46308724832214765,2.859060402684564,149
843,14.772727272727273,3.5041719106260723,100.79809418749439,22.43223093407348,0.45454545454545453,0.18181818181818182,22
844,6.929078014184397,5.496291464083398,98.00224768165884,19.529168094143376,-0.5886524822695035,9.666666666666666,141
845,15.052631578947368,2.320768172886017,95.13914429328129,13.42308324932877,1.368421052631579,0.05263157894736842,19
846,7.818897637795276,4.981580871721577,99.68640635551728,22.741207788853405,-0.5669291338582677,7.480314960629921,127
847,10.428571428571429,5.8847988192339376,98.74511048094047,20.697332649346034,-0.5714285714285714,5.26984126984127,126
848,11.438775510204081,4.3507703466028405,96.77698016902282,14.561935116229474,-0.10204081632653061,2.4285714285714284,98
849,15.864406779661017,2.7257243714137274,102.9860127419551,26.712941606338664,0.7966101694915254,0.15254237288135594,59
852,13.132530120481928,3.91921807886362,101.83849940641284,24.470570739891812,-1.0120481927710843,1.0240963855421688,83
853,17.65,1.694418080515829,137.02848876579995,124.07158623925295,0.75,0.0,20
854,15.463414634146341,3.0421831057285957,103.49020115640928,29.79889518759308,0.21951219512195122,0.2926829268292683,41
855,14.651515151515152,3.020404579331024,101.11575607213263,24.901886452038227,0.45454545454545453,0.22727272727272727,66
856,15.9,2.4698178070456938,95.21042905108926,15.266577688522613,-1.3,0.0,10
857,7.340909090909091,4.605068904962263,97.2275954868895,15.64385642460993,-0.09090909090909091,7.886363636363637,44
858,16.457142857142856,2.9037790503254963,97.65526644986753,14.046637862156796,-0.05714285714285714,0.02857142857142857,35
859,12.9,3.446415206816755,98.31135582876236,7.803113795533423,0.0,0.6,10
