raceId,year,round,circuitId,date,safety_car
1,2009,1,1,2009-03-29,0
2,2009,2,2,2009-04-05,0
3,2009,3,17,2009-04-19,0
4,2009,4,3,2009-04-26,0
5,2009,5,4,2009-05-10,0
6,2009,6,6,2009-05-24,0
7,2009,7,5,2009-06-07,0
8,2009,8,9,2009-06-21,0
9,2009,9,20,2009-07-12,0
10,2009,10,11,2009-07-26,0
11,2009,11,12,2009-08-23,0
12,2009,12,13,2009-08-30,0
13,2009,13,14,2009-09-13,0
14,2009,14,15,2009-09-27,0
15,2009,15,22,2009-10-04,0
16,2009,16,18,2009-10-18,0
17,2009,17,24,2009-11-01,0
18,2008,1,1,2008-03-16,0
19,2008,2,2,2008-03-23,0
20,2008,3,3,2008-04-06,0
21,2008,4,4,2008-04-27,0
22,2008,5,5,2008-05-11,0
23,2008,6,6,2008-05-25,0
24,2008,7,7,2008-06-08,0
25,2008,8,8,2008-06-22,0
26,2008,9,9,2008-07-06,0
27,2008,10,10,2008-07-20,0
28,2008,11,11,2008-08-03,0
29,2008,12,12,2008-08-24,0
30,2008,13,13,2008-09-07,0
31,2008,14,14,2008-09-14,0
32,2008,15,15,2008-09-28,0
33,2008,16,16,2008-10-12,0
34,2008,17,17,2008-10-19,0
35,2008,18,18,2008-11-02,0
36,2007,1,1,2007-03-18,0
37,2007,2,2,2007-04-08,0
38,2007,3,3,2007-04-15,0
39,2007,4,4,2007-05-13,0
40,2007,5,6,2007-05-27,0
41,2007,6,7,2007-06-10,0
42,2007,7,19,2007-06-17,0
43,2007,8,8,2007-07-01,0
44,2007,9,9,2007-07-08,0
45,2007,10,20,2007-07-22,0
46,2007,11,11,2007-08-05,0
47,2007,12,5,2007-08-26,0
48,2007,13,14,2007-09-09,0
49,2007,14,13,2007-09-16,0
50,2007,15,16,2007-09-30,0
51,2007,16,17,2007-10-07,0
52,2007,17,18,2007-10-21,0
53,2006,1,3,2006-03-12,0
54,2006,2,2,2006-03-19,0
55,2006,3,1,2006-04-02,0
56,2006,4,21,2006-04-23,0
57,2006,5,20,2006-05-07,0
58,2006,6,4,2006-05-14,0
59,2006,7,6,2006-05-28,0
60,2006,8,9,2006-06-11,0
61,2006,9,7,2006-06-25,0
62,2006,10,19,2006-07-02,0
63,2006,11,8,2006-07-16,0
64,2006,12,10,2006-07-30,0
65,2006,13,11,2006-08-06,0
66,2006,14,5,2006-08-27,0
67,2006,15,14,2006-09-10,0
68,2006,16,17,2006-10-01,0
69,2006,17,22,2006-10-08,0
70,2006,18,18,2006-10-22,0
71,2005,1,1,2005-03-06,0
72,2005,2,2,2005-03-20,0
73,2005,3,3,2005-04-03,0
74,2005,4,21,2005-04-24,0
75,2005,5,4,2005-05-08,0
76,2005,6,6,2005-05-22,0
77,2005,7,20,2005-05-29,0
78,2005,8,7,2005-06-12,0
79,2005,9,19,2005-06-19,0
80,2005,10,8,2005-07-03,0
81,2005,11,9,2005-07-10,0
82,2005,12,10,2005-07-24,0
83,2005,13,11,2005-07-31,0
84,2005,14,5,2005-08-21,0
85,2005,15,14,2005-09-04,0
86,2005,16,13,2005-09-11,0
87,2005,17,18,2005-09-25,0
88,2005,18,22,2005-10-09,0
89,2005,19,17,2005-10-16,0
90,2004,1,1,2004-03-07,0
91,2004,2,2,2004-03-21,0
92,2004,3,3,2004-04-04,0
93,2004,4,21,2004-04-25,0
94,2004,5,4,2004-05-09,0
95,2004,6,6,2004-05-23,0
96,2004,7,20,2004-05-30,0
97,2004,8,7,2004-06-13,0
98,2004,9,19,2004-06-20,0
99,2004,10,8,2004-07-04,0
100,2004,11,9,2004-07-11,0
101,2004,12,10,2004-07-25,0
102,2004,13,11,2004-08-15,0
103,2004,14,13,2004-08-29,0
104,2004,15,14,2004-09-12,0
105,2004,16,17,2004-09-26,0
106,2004,17,22,2004-10-10,0
107,2004,18,18,2004-10-24,0
108,2003,1,1,2003-03-09,0
109,2003,2,2,2003-03-23,0
110,2003,3,18,2003-04-06,0
111,2003,4,21,2003-04-20,0
112,2003,5,4,2003-05-04,0
113,2003,6,70,2003-05-18,0
114,2003,7,6,2003-06-01,0
115,2003,8,7,2003-06-15,0
116,2003,9,20,2003-06-29,0
117,2003,10,8,2003-07-06,0
118,2003,11,9,2003-07-20,0
119,2003,12,10,2003-08-03,0
120,2003,13,11,2003-08-24,0
121,2003,14,14,2003-09-14,0
122,2003,15,19,2003-09-28,0
123,2003,16,22,2003-10-12,0
124,2002,1,1,2002-03-03,0
125,2002,2,2,2002-03-17,0
126,2002,3,18,2002-03-31,0
127,2002,4,21,2002-04-14,0
128,2002,5,4,2002-04-28,0
129,2002,6,70,2002-05-12,0
130,2002,7,6,2002-05-26,0
131,2002,8,7,2002-06-09,0
132,2002,9,20,2002-06-23,0
133,2002,10,9,2002-07-07,0
134,2002,11,8,2002-07-21,0
135,2002,12,10,2002-07-28,0
136,2002,13,11,2002-08-18,0
137,2002,14,13,2002-09-01,0
138,2002,15,14,2002-09-15,0
139,2002,16,19,2002-09-29,0
140,2002,17,22,2002-10-13,0
141,2001,1,1,2001-03-04,0
142,2001,2,2,2001-03-18,0
143,2001,3,18,2001-04-01,0
144,2001,4,21,2001-04-15,0
145,2001,5,4,2001-04-29,0
146,2001,6,70,2001-05-13,0
147,2001,7,6,2001-05-27,0
148,2001,8,7,2001-06-10,0
149,2001,9,20,2001-06-24,0
150,2001,10,8,2001-07-01,0
151,2001,11,9,2001-07-15,0
152,2001,12,10,2001-07-29,0
153,2001,13,11,2001-08-19,0
154,2001,14,13,2001-09-02,0
155,2001,15,14,2001-09-16,0
156,2001,16,19,2001-09-30,0
157,2001,17,22,2001-10-14,0
158,2000,1,1,2000-03-12,0
159,2000,2,18,2000-03-26,0
160,2000,3,21,2000-04-09,0
161,2000,4,9,2000-04-23,0
162,2000,5,4,2000-05-07,0
163,2000,6,20,2000-05-21,0
164,2000,7,6,2000-06-04,0
165,2000,8,7,2000-06-18,0
166,2000,9,8,2000-07-02,0
167,2000,10,70,2000-07-16,0
168,2000,11,10,2000-07-30,0
169,2000,12,11,2000-08-13,0
170,2000,13,13,2000-08-27,0
171,2000,14,14,2000-09-10,0
172,2000,15,19,2000-09-24,0
173,2000,16,22,2000-10-08,0
174,2000,17,2,2000-10-22,0
175,1999,1,1,1999-03-07,0
176,1999,2,18,1999-04-11,0
177,1999,3,21,1999-05-02,0
178,1999,4,6,1999-05-16,0
179,1999,5,4,1999-05-30,0
180,1999,6,7,1999-06-13,0
181,1999,7,8,1999-06-27,0
182,1999,8,9,1999-07-11,0
183,1999,9,70,1999-07-25,0
184,1999,10,10,1999-08-01,0
185,1999,11,11,1999-08-15,0
186,1999,12,13,1999-08-29,0
187,1999,13,14,1999-09-12,0
188,1999,14,20,1999-09-26,0
189,1999,15,2,1999-10-17,0
190,1999,16,22,1999-10-31,0
191,1998,1,1,1998-03-08,0
192,1998,2,18,1998-03-29,0
193,1998,3,25,1998-04-12,0
194,1998,4,21,1998-04-26,0
195,1998,5,4,1998-05-10,0
196,1998,6,6,1998-05-24,0
197,1998,7,7,1998-06-07,0
198,1998,8,8,1998-06-28,0
199,1998,9,9,1998-07-12,0
200,1998,10,70,1998-07-26,0
201,1998,11,10,1998-08-02,0
202,1998,12,11,1998-08-16,0
203,1998,13,13,1998-08-30,0
204,1998,14,14,1998-09-13,0
205,1998,15,20,1998-09-27,0
206,1998,16,22,1998-11-01,0
207,1997,1,1,1997-03-09,0
208,1997,2,18,1997-03-30,0
209,1997,3,25,1997-04-13,0
210,1997,4,21,1997-04-27,0
211,1997,5,6,1997-05-11,0
212,1997,6,4,1997-05-25,0
213,1997,7,7,1997-06-15,0
214,1997,8,8,1997-06-29,0
215,1997,9,9,1997-07-13,0
216,1997,10,10,1997-07-27,0
217,1997,11,11,1997-08-10,0
218,1997,12,13,1997-08-24,0
219,1997,13,14,1997-09-07,0
220,1997,14,70,1997-09-21,0
221,1997,15,20,1997-09-28,0
222,1997,16,22,1997-10-12,0
223,1997,17,26,1997-10-26,0
224,1996,1,1,1996-03-10,0
225,1996,2,18,1996-03-31,0
226,1996,3,25,1996-04-07,0
227,1996,4,20,1996-04-28,0
228,1996,5,21,1996-05-05,0
229,1996,6,6,1996-05-19,0
230,1996,7,4,1996-06-02,0
231,1996,8,7,1996-06-16,0
232,1996,9,8,1996-06-30,0
233,1996,10,9,1996-07-14,0
234,1996,11,10,1996-07-28,0
235,1996,12,11,1996-08-11,0
236,1996,13,13,1996-08-25,0
237,1996,14,14,1996-09-08,0
238,1996,15,27,1996-09-22,0
239,1996,16,22,1996-10-13,0
240,1995,1,18,1995-03-26,0
241,1995,2,25,1995-04-09,0
242,1995,3,21,1995-04-30,0
243,1995,4,4,1995-05-14,0
244,1995,5,6,1995-05-28,0
245,1995,6,7,1995-06-11,0
246,1995,7,8,1995-07-02,0
247,1995,8,9,1995-07-16,0
248,1995,9,10,1995-07-30,0
249,1995,10,11,1995-08-13,0
250,1995,11,13,1995-08-27,0
251,1995,12,14,1995-09-10,0
252,1995,13,27,1995-09-24,0
253,1995,14,20,1995-10-01,0
254,1995,15,28,1995-10-22,0
255,1995,16,22,1995-10-29,0
256,1995,17,29,1995-11-12,0
257,1994,1,18,1994-03-27,0
258,1994,2,28,1994-04-17,0
259,1994,3,21,1994-05-01,0
260,1994,4,6,1994-05-15,0
261,1994,5,4,1994-05-29,0
262,1994,6,7,1994-06-12,0
263,1994,7,8,1994-07-03,0
264,1994,8,9,1994-07-10,0
265,1994,9,10,1994-07-31,0
266,1994,10,11,1994-08-14,0
267,1994,11,13,1994-08-28,0
268,1994,12,14,1994-09-11,0
269,1994,13,27,1994-09-25,0
270,1994,14,26,1994-10-16,0
271,1994,15,22,1994-11-06,0
272,1994,16,29,1994-11-13,0
273,1993,1,30,1993-03-14,0
274,1993,2,18,1993-03-28,0
275,1993,3,31,1993-04-11,0
276,1993,4,21,1993-04-25,0
277,1993,5,4,1993-05-09,0
278,1993,6,6,1993-05-23,0
279,1993,7,7,1993-06-13,0
280,1993,8,8,1993-07-04,0
281,1993,9,9,1993-07-11,0
282,1993,10,10,1993-07-25,0
283,1993,11,11,1993-08-15,0
284,1993,12,13,1993-08-29,0
285,1993,13,14,1993-09-12,0
286,1993,14,27,1993-09-26,0
287,1993,15,22,1993-10-24,0
288,1993,16,29,1993-11-07,0
289,1992,1,30,1992-03-01,0
290,1992,2,32,1992-03-22,0
291,1992,3,18,1992-04-05,0
292,1992,4,4,1992-05-03,0
293,1992,5,21,1992-05-17,0
294,1992,6,6,1992-05-31,0
295,1992,7,7,1992-06-14,0
296,1992,8,8,1992-07-05,0
297,1992,9,9,1992-07-12,0
298,1992,10,10,1992-07-26,0
299,1992,11,11,1992-08-16,0
300,1992,12,13,1992-08-30,0
301,1992,13,14,1992-09-13,0
302,1992,14,27,1992-09-27,0
303,1992,15,22,1992-10-25,0
304,1992,16,29,1992-11-08,0
305,1991,1,33,1991-03-10,0
306,1991,2,18,1991-03-24,0
307,1991,3,21,1991-04-28,0
308,1991,4,6,1991-05-12,0
309,1991,5,7,1991-06-02,0
310,1991,6,32,1991-06-16,0
311,1991,7,8,1991-07-07,0
312,1991,8,9,1991-07-14,0
313,1991,9,10,1991-07-28,0
314,1991,10,11,1991-08-11,0
315,1991,11,13,1991-08-25,0
316,1991,12,14,1991-09-08,0
317,1991,13,27,1991-09-22,0
318,1991,14,4,1991-09-29,0
319,1991,15,22,1991-10-20,0
320,1991,16,29,1991-11-03,0
321,1990,1,33,1990-03-11,0
322,1990,2,18,1990-03-25,0
323,1990,3,21,1990-05-13,0
324,1990,4,6,1990-05-27,0
325,1990,5,7,1990-06-10,0
326,1990,6,32,1990-06-24,0
327,1990,7,34,1990-07-08,0
328,1990,8,9,1990-07-15,0
329,1990,9,10,1990-07-29,0
330,1990,10,11,1990-08-12,0
331,1990,11,13,1990-08-26,0
332,1990,12,14,1990-09-09,0
333,1990,13,27,1990-09-23,0
334,1990,14,26,1990-09-30,0
335,1990,15,22,1990-10-21,0
336,1990,16,29,1990-11-04,0
337,2010,1,3,2010-03-14,0
338,2010,2,1,2010-03-28,0
339,2010,3,2,2010-04-04,0
340,2010,4,17,2010-04-18,0
341,2010,5,4,2010-05-09,0
342,2010,6,6,2010-05-16,0
343,2010,7,5,2010-05-30,0
344,2010,8,7,2010-06-13,0
345,2010,9,12,2010-06-27,0
346,2010,10,9,2010-07-11,0
347,2010,11,10,2010-07-25,0
348,2010,12,11,2010-08-01,0
349,2010,13,13,2010-08-29,0
350,2010,14,14,2010-09-12,0
351,2010,15,15,2010-09-26,0
352,2010,16,22,2010-10-10,0
353,2010,17,35,2010-10-24,0
354,2010,18,18,2010-11-07,0
355,2010,19,24,2010-11-14,0
356,1989,1,36,1989-03-26,0
357,1989,2,21,1989-04-23,0
358,1989,3,6,1989-05-07,0
359,1989,4,32,1989-05-28,0
360,1989,5,33,1989-06-04,0
361,1989,6,7,1989-06-18,0
362,1989,7,34,1989-07-09,0
363,1989,8,9,1989-07-16,0
364,1989,9,10,1989-07-30,0
365,1989,10,11,1989-08-13,0
366,1989,11,13,1989-08-27,0
367,1989,12,14,1989-09-10,0
368,1989,13,27,1989-09-24,0
369,1989,14,26,1989-10-01,0
370,1989,15,22,1989-10-22,0
371,1989,16,29,1989-11-05,0
372,1988,1,36,1988-04-03,0
373,1988,2,21,1988-05-01,0
374,1988,3,6,1988-05-15,0
375,1988,4,32,1988-05-29,0
376,1988,5,7,1988-06-12,0
377,1988,6,37,1988-06-19,0
378,1988,7,34,1988-07-03,0
379,1988,8,9,1988-07-10,0
380,1988,9,10,1988-07-24,0
381,1988,10,11,1988-08-07,0
382,1988,11,13,1988-08-28,0
383,1988,12,14,1988-09-11,0
384,1988,13,27,1988-09-25,0
385,1988,14,26,1988-10-02,0
386,1988,15,22,1988-10-30,0
387,1988,16,29,1988-11-13,0
388,1987,1,36,1987-04-12,0
389,1987,2,21,1987-05-03,0
390,1987,3,13,1987-05-17,0
391,1987,4,6,1987-05-31,0
392,1987,5,37,1987-06-21,0
393,1987,6,34,1987-07-05,0
394,1987,7,9,1987-07-12,0
395,1987,8,10,1987-07-26,0
396,1987,9,11,1987-08-09,0
397,1987,10,70,1987-08-16,0
398,1987,11,14,1987-09-06,0
399,1987,12,27,1987-09-20,0
400,1987,13,26,1987-09-27,0
401,1987,14,32,1987-10-18,0
402,1987,15,22,1987-11-01,0
403,1987,16,29,1987-11-15,0
404,1986,1,36,1986-03-23,0
405,1986,2,26,1986-04-13,0
406,1986,3,21,1986-04-27,0
407,1986,4,6,1986-05-11,0
408,1986,5,13,1986-05-25,0
409,1986,6,7,1986-06-15,0
410,1986,7,37,1986-06-22,0
411,1986,8,34,1986-07-06,0
412,1986,9,38,1986-07-13,0
413,1986,10,10,1986-07-27,0
414,1986,11,11,1986-08-10,0
415,1986,12,70,1986-08-17,0
416,1986,13,14,1986-09-07,0
417,1986,14,27,1986-09-21,0
418,1986,15,32,1986-10-12,0
419,1986,16,29,1986-10-26,0
420,1985,1,36,1985-04-07,0
421,1985,2,27,1985-04-21,0
422,1985,3,21,1985-05-05,0
423,1985,4,6,1985-05-19,0
424,1985,5,7,1985-06-16,0
425,1985,6,37,1985-06-23,0
426,1985,7,34,1985-07-07,0
427,1985,8,9,1985-07-21,0
428,1985,9,20,1985-08-04,0
429,1985,10,70,1985-08-18,0
430,1985,11,39,1985-08-25,0
431,1985,12,14,1985-09-08,0
432,1985,13,13,1985-09-15,0
433,1985,14,38,1985-10-06,0
434,1985,15,30,1985-10-19,0
435,1985,16,29,1985-11-03,0
436,1984,1,36,1984-03-25,0
437,1984,2,30,1984-04-07,0
438,1984,3,40,1984-04-29,0
439,1984,4,21,1984-05-06,0
440,1984,5,41,1984-05-20,0
441,1984,6,6,1984-06-03,0
442,1984,7,7,1984-06-17,0
443,1984,8,37,1984-06-24,0
444,1984,9,42,1984-07-08,0
445,1984,10,38,1984-07-22,0
446,1984,11,10,1984-08-05,0
447,1984,12,70,1984-08-19,0
448,1984,13,39,1984-08-26,0
449,1984,14,14,1984-09-09,0
450,1984,15,20,1984-10-07,0
451,1984,16,27,1984-10-21,0
452,1983,1,36,1983-03-13,0
453,1983,2,43,1983-03-27,0
454,1983,3,34,1983-04-17,0
455,1983,4,21,1983-05-01,0
456,1983,5,6,1983-05-15,0
457,1983,6,13,1983-05-22,0
458,1983,7,37,1983-06-05,0
459,1983,8,7,1983-06-12,0
460,1983,9,9,1983-07-16,0
461,1983,10,10,1983-08-07,0
462,1983,11,70,1983-08-14,0
463,1983,12,39,1983-08-28,0
464,1983,13,14,1983-09-11,0
465,1983,14,38,1983-09-25,0
466,1983,15,30,1983-10-15,0
467,1982,1,30,1982-01-23,0
468,1982,2,36,1982-03-21,0
469,1982,3,43,1982-04-04,0
470,1982,4,21,1982-04-25,0
471,1982,5,40,1982-05-09,0
472,1982,6,6,1982-05-23,0
473,1982,7,37,1982-06-06,0
474,1982,8,7,1982-06-13,0
475,1982,9,39,1982-07-03,0
476,1982,10,38,1982-07-18,0
477,1982,11,34,1982-07-25,0
478,1982,12,10,1982-08-08,0
479,1982,13,70,1982-08-15,0
480,1982,14,41,1982-08-29,0
481,1982,15,14,1982-09-12,0
482,1982,16,44,1982-09-25,0
483,1981,1,43,1981-03-15,0
484,1981,2,36,1981-03-29,0
485,1981,3,25,1981-04-12,0
486,1981,4,21,1981-05-03,0
487,1981,5,40,1981-05-17,0
488,1981,6,6,1981-05-31,0
489,1981,7,45,1981-06-21,0
490,1981,8,41,1981-07-05,0
491,1981,9,9,1981-07-18,0
492,1981,10,10,1981-08-02,0
493,1981,11,70,1981-08-16,0
494,1981,12,39,1981-08-30,0
495,1981,13,14,1981-09-13,0
496,1981,14,7,1981-09-27,0
497,1981,15,44,1981-10-17,0
498,1980,1,25,1980-01-13,0
499,1980,2,18,1980-01-27,0
500,1980,3,30,1980-03-01,0
501,1980,4,43,1980-03-30,0
502,1980,5,40,1980-05-04,0
503,1980,6,6,1980-05-18,0
504,1980,7,34,1980-06-29,0
505,1980,8,38,1980-07-13,0
506,1980,9,10,1980-08-10,0
507,1980,10,70,1980-08-17,0
508,1980,11,39,1980-08-31,0
509,1980,12,21,1980-09-14,0
510,1980,13,7,1980-09-28,0
511,1980,14,46,1980-10-05,0
512,1979,1,25,1979-01-21,0
513,1979,2,18,1979-02-04,0
514,1979,3,30,1979-03-03,0
515,1979,4,43,1979-04-08,0
516,1979,5,45,1979-04-29,0
517,1979,6,40,1979-05-13,0
518,1979,7,6,1979-05-27,0
519,1979,8,41,1979-07-01,0
520,1979,9,9,1979-07-14,0
521,1979,10,10,1979-07-29,0
522,1979,11,70,1979-08-12,0
523,1979,12,39,1979-08-26,0
524,1979,13,14,1979-09-09,0
525,1979,14,7,1979-09-30,0
526,1979,15,46,1979-10-07,0
527,1978,1,25,1978-01-15,0
528,1978,2,36,1978-01-29,0
529,1978,3,30,1978-03-04,0
530,1978,4,43,1978-04-02,0
531,1978,5,6,1978-05-07,0
532,1978,6,40,1978-05-21,0
533,1978,7,45,1978-06-04,0
534,1978,8,47,1978-06-17,0
535,1978,9,34,1978-07-02,0
536,1978,10,38,1978-07-16,0
537,1978,11,10,1978-07-30,0
538,1978,12,70,1978-08-13,0
539,1978,13,39,1978-08-27,0
540,1978,14,14,1978-09-10,0
541,1978,15,46,1978-10-01,0
542,1978,16,7,1978-10-08,0
543,1977,1,25,1977-01-09,0
544,1977,2,18,1977-01-23,0
545,1977,3,30,1977-03-05,0
546,1977,4,43,1977-04-03,0
547,1977,5,45,1977-05-08,0
548,1977,6,6,1977-05-22,0
549,1977,7,40,1977-06-05,0
550,1977,8,47,1977-06-19,0
551,1977,9,41,1977-07-03,0
552,1977,10,9,1977-07-16,0
553,1977,11,10,1977-07-31,0
554,1977,12,70,1977-08-14,0
555,1977,13,39,1977-08-28,0
556,1977,14,14,1977-09-11,0
557,1977,15,46,1977-10-02,0
558,1977,16,48,1977-10-09,0
559,1977,17,16,1977-10-23,0
560,1976,1,18,1976-01-25,0
561,1976,2,30,1976-03-06,0
562,1976,3,43,1976-03-28,0
563,1976,4,45,1976-05-02,0
564,1976,5,40,1976-05-16,0
565,1976,6,6,1976-05-30,0
566,1976,7,47,1976-06-13,0
567,1976,8,34,1976-07-04,0
568,1976,9,38,1976-07-18,0
569,1976,10,20,1976-08-01,0
570,1976,11,70,1976-08-15,0
571,1976,12,39,1976-08-29,0
572,1976,13,14,1976-09-12,0
573,1976,14,48,1976-10-03,0
574,1976,15,46,1976-10-10,0
575,1976,16,16,1976-10-24,0
576,1975,1,25,1975-01-12,0
577,1975,2,18,1975-01-26,0
578,1975,3,30,1975-03-01,0
579,1975,4,49,1975-04-27,0
580,1975,5,6,1975-05-11,0
581,1975,6,40,1975-05-25,0
582,1975,7,47,1975-06-08,0
583,1975,8,39,1975-06-22,0
584,1975,9,34,1975-07-06,0
585,1975,10,9,1975-07-19,0
586,1975,11,20,1975-08-03,0
587,1975,12,70,1975-08-17,0
588,1975,13,14,1975-09-07,0
589,1975,14,46,1975-10-05,0
590,1974,1,25,1974-01-13,0
591,1974,2,18,1974-01-27,0
592,1974,3,30,1974-03-30,0
593,1974,4,45,1974-04-28,0
594,1974,5,50,1974-05-12,0
595,1974,6,6,1974-05-26,0
596,1974,7,47,1974-06-09,0
597,1974,8,39,1974-06-23,0
598,1974,9,41,1974-07-07,0
599,1974,10,38,1974-07-20,0
600,1974,11,20,1974-08-04,0
601,1974,12,70,1974-08-18,0
602,1974,13,14,1974-09-08,0
603,1974,14,48,1974-09-22,0
604,1974,15,46,1974-10-06,0
605,1973,1,25,1973-01-28,0
606,1973,2,18,1973-02-11,0
607,1973,3,30,1973-03-03,0
608,1973,4,49,1973-04-29,0
609,1973,5,40,1973-05-20,0
610,1973,6,6,1973-06-03,0
611,1973,7,47,1973-06-17,0
612,1973,8,34,1973-07-01,0
613,1973,9,9,1973-07-14,0
614,1973,10,39,1973-07-29,0
615,1973,11,20,1973-08-05,0
616,1973,12,70,1973-08-19,0
617,1973,13,14,1973-09-09,0
618,1973,14,48,1973-09-23,0
619,1973,15,46,1973-10-07,0
620,1972,1,25,1972-01-23,0
621,1972,2,30,1972-03-04,0
622,1972,3,45,1972-05-01,0
623,1972,4,6,1972-05-14,0
624,1972,5,50,1972-06-04,0
625,1972,6,51,1972-07-02,0
626,1972,7,38,1972-07-15,0
627,1972,8,20,1972-07-30,0
628,1972,9,70,1972-08-13,0
629,1972,10,14,1972-09-10,0
630,1972,11,48,1972-09-24,0
631,1972,12,46,1972-10-08,0
632,1971,1,30,1971-03-06,0
633,1971,2,49,1971-04-18,0
634,1971,3,6,1971-05-23,0
635,1971,4,39,1971-06-20,0
636,1971,5,34,1971-07-04,0
637,1971,6,9,1971-07-17,0
638,1971,7,20,1971-08-01,0
639,1971,8,70,1971-08-15,0
640,1971,9,14,1971-09-05,0
641,1971,10,48,1971-09-19,0
642,1971,11,46,1971-10-03,0
643,1970,1,30,1970-03-07,0
644,1970,2,45,1970-04-19,0
645,1970,3,6,1970-05-10,0
646,1970,4,13,1970-06-07,0
647,1970,5,39,1970-06-21,0
648,1970,6,51,1970-07-05,0
649,1970,7,38,1970-07-18,0
650,1970,8,10,1970-08-02,0
651,1970,9,70,1970-08-16,0
652,1970,10,14,1970-09-06,0
653,1970,11,52,1970-09-20,0
654,1970,12,46,1970-10-04,0
655,1970,13,32,1970-10-25,0
656,1969,1,30,1969-03-01,0
657,1969,2,49,1969-05-04,0
658,1969,3,6,1969-05-18,0
659,1969,4,39,1969-06-21,0
660,1969,5,51,1969-07-06,0
661,1969,6,9,1969-07-19,0
662,1969,7,20,1969-08-03,0
663,1969,8,14,1969-09-07,0
664,1969,9,48,1969-09-20,0
665,1969,10,46,1969-10-05,0
666,1969,11,32,1969-10-19,0
667,1968,1,30,1968-01-01,0
668,1968,2,45,1968-05-12,0
669,1968,3,6,1968-05-26,0
670,1968,4,13,1968-06-09,0
671,1968,5,39,1968-06-23,0
672,1968,6,53,1968-07-07,0
673,1968,7,38,1968-07-20,0
674,1968,8,20,1968-08-04,0
675,1968,9,14,1968-09-08,0
676,1968,10,52,1968-09-22,0
677,1968,11,46,1968-10-06,0
678,1968,12,32,1968-11-03,0
679,1967,1,30,1967-01-02,0
680,1967,2,6,1967-05-07,0
681,1967,3,39,1967-06-04,0
682,1967,4,13,1967-06-18,0
683,1967,5,54,1967-07-02,0
684,1967,6,9,1967-07-15,0
685,1967,7,20,1967-08-06,0
686,1967,8,48,1967-08-27,0
687,1967,9,14,1967-09-10,0
688,1967,10,46,1967-10-01,0
689,1967,11,32,1967-10-22,0
690,1966,1,6,1966-05-22,0
691,1966,2,13,1966-06-12,0
692,1966,3,55,1966-07-03,0
693,1966,4,38,1966-07-16,0
694,1966,5,39,1966-07-24,0
695,1966,6,20,1966-08-07,0
696,1966,7,14,1966-09-04,0
697,1966,8,46,1966-10-02,0
698,1966,9,32,1966-10-23,0
699,1965,1,56,1965-01-01,0
700,1965,2,6,1965-05-30,0
701,1965,3,13,1965-06-13,0
702,1965,4,51,1965-06-27,0
703,1965,5,9,1965-07-10,0
704,1965,6,39,1965-07-18,0
705,1965,7,20,1965-08-01,0
706,1965,8,14,1965-09-12,0
707,1965,9,46,1965-10-03,0
708,1965,10,32,1965-10-24,0
709,1964,1,6,1964-05-10,0
710,1964,2,39,1964-05-24,0
711,1964,3,13,1964-06-14,0
712,1964,4,53,1964-06-28,0
713,1964,5,38,1964-07-11,0
714,1964,6,20,1964-08-02,0
715,1964,7,57,1964-08-23,0
716,1964,8,14,1964-09-06,0
717,1964,9,46,1964-10-04,0
718,1964,10,32,1964-10-25,0
719,1963,1,6,1963-05-26,0
720,1963,2,13,1963-06-09,0
721,1963,3,39,1963-06-23,0
722,1963,4,55,1963-06-30,0
723,1963,5,9,1963-07-20,0
724,1963,6,20,1963-08-04,0
725,1963,7,14,1963-09-08,0
726,1963,8,46,1963-10-06,0
727,1963,9,32,1963-10-27,0
728,1963,10,56,1963-12-28,0
729,1962,1,39,1962-05-20,0
730,1962,2,6,1962-06-03,0
731,1962,3,13,1962-06-17,0
732,1962,4,53,1962-07-08,0
733,1962,5,58,1962-07-21,0
734,1962,6,20,1962-08-05,0
735,1962,7,14,1962-09-16,0
736,1962,8,46,1962-10-07,0
737,1962,9,56,1962-12-29,0
738,1961,1,6,1961-05-14,0
739,1961,2,39,1961-05-22,0
740,1961,3,13,1961-06-18,0
741,1961,4,55,1961-07-02,0
742,1961,5,58,1961-07-15,0
743,1961,6,20,1961-08-06,0
744,1961,7,14,1961-09-10,0
745,1961,8,46,1961-10-08,0
746,1960,1,25,1960-02-07,0
747,1960,2,6,1960-05-29,0
748,1960,3,19,1960-05-30,0
749,1960,4,39,1960-06-06,0
750,1960,5,13,1960-06-19,0
751,1960,6,55,1960-07-03,0
752,1960,7,9,1960-07-16,0
753,1960,8,59,1960-08-14,0
754,1960,9,14,1960-09-04,0
755,1960,10,60,1960-11-20,0
756,1959,1,6,1959-05-10,0
757,1959,2,19,1959-05-30,0
758,1959,3,39,1959-05-31,0
759,1959,4,55,1959-07-05,0
760,1959,5,58,1959-07-18,0
761,1959,6,61,1959-08-02,0
762,1959,7,62,1959-08-23,0
763,1959,8,14,1959-09-13,0
764,1959,9,63,1959-12-12,0
765,1958,1,25,1958-01-19,0
766,1958,2,6,1958-05-18,0
767,1958,3,39,1958-05-26,0
768,1958,4,19,1958-05-30,0
769,1958,5,13,1958-06-15,0
770,1958,6,55,1958-07-06,0
771,1958,7,9,1958-07-19,0
772,1958,8,20,1958-08-03,0
773,1958,9,59,1958-08-24,0
774,1958,10,14,1958-09-07,0
775,1958,11,64,1958-10-19,0
776,1957,1,25,1957-01-13,0
777,1957,2,6,1957-05-19,0
778,1957,3,19,1957-05-30,0
779,1957,4,53,1957-07-07,0
780,1957,5,58,1957-07-20,0
781,1957,6,20,1957-08-04,0
782,1957,7,65,1957-08-18,0
783,1957,8,14,1957-09-08,0
784,1956,1,25,1956-01-22,0
785,1956,2,6,1956-05-13,0
786,1956,3,19,1956-05-30,0
787,1956,4,13,1956-06-03,0
788,1956,5,55,1956-07-01,0
789,1956,6,9,1956-07-14,0
790,1956,7,20,1956-08-05,0
791,1956,8,14,1956-09-02,0
792,1955,1,25,1955-01-16,0
793,1955,2,6,1955-05-22,0
794,1955,3,19,1955-05-30,0
795,1955,4,13,1955-06-05,0
796,1955,5,39,1955-06-19,0
797,1955,6,58,1955-07-16,0
798,1955,7,14,1955-09-11,0
799,1954,1,25,1954-01-17,0
800,1954,2,19,1954-05-31,0
801,1954,3,13,1954-06-20,0
802,1954,4,55,1954-07-04,0
803,1954,5,9,1954-07-17,0
804,1954,6,20,1954-08-01,0
805,1954,7,66,1954-08-22,0
806,1954,8,14,1954-09-05,0
807,1954,9,67,1954-10-24,0
808,1953,1,25,1953-01-18,0
809,1953,2,19,1953-05-30,0
810,1953,3,39,1953-06-07,0
811,1953,4,13,1953-06-21,0
812,1953,5,55,1953-07-05,0
813,1953,6,9,1953-07-18,0
814,1953,7,20,1953-08-02,0
815,1953,8,66,1953-08-23,0
816,1953,9,14,1953-09-13,0
817,1952,1,66,1952-05-18,0
818,1952,2,19,1952-05-30,0
819,1952,3,13,1952-06-22,0
820,1952,4,53,1952-07-06,0
821,1952,5,9,1952-07-19,0
822,1952,6,20,1952-08-03,0
823,1952,7,39,1952-08-17,0
824,1952,8,14,1952-09-07,0
825,1951,1,66,1951-05-27,0
826,1951,2,19,1951-05-30,0
827,1951,3,13,1951-06-17,0
828,1951,4,55,1951-07-01,0
829,1951,5,9,1951-07-14,0
830,1951,6,20,1951-07-29,0
831,1951,7,14,1951-09-16,0
832,1951,8,67,1951-10-28,0
833,1950,1,9,1950-05-13,0
834,1950,2,6,1950-05-21,0
835,1950,3,19,1950-05-30,0
836,1950,4,66,1950-06-04,0
837,1950,5,13,1950-06-18,0
838,1950,6,55,1950-07-02,0
839,1950,7,14,1950-09-03,0
841,2011,1,1,2011-03-27,0
842,2011,2,2,2011-04-10,0
843,2011,3,17,2011-04-17,0
844,2011,4,5,2011-05-08,0
845,2011,5,4,2011-05-22,0
846,2011,6,6,2011-05-29,0
847,2011,7,7,2011-06-12,0
848,2011,8,12,2011-06-26,0
849,2011,9,9,2011-07-10,0
850,2011,10,20,2011-07-24,0
851,2011,11,11,2011-07-31,0
852,2011,12,13,2011-08-28,0
853,2011,13,14,2011-09-11,0
854,2011,14,15,2011-09-25,0
855,2011,15,22,2011-10-09,0
856,2011,16,35,2011-10-16,0
857,2011,17,68,2011-10-30,0
858,2011,18,24,2011-11-13,0
859,2011,19,18,2011-11-27,0
860,2012,1,1,2012-03-18,0
861,2012,2,2,2012-03-25,0
862,2012,3,17,2012-04-15,0
863,2012,4,3,2012-04-22,0
864,2012,5,4,2012-05-13,0
865,2012,6,6,2012-05-27,0
866,2012,7,7,2012-06-10,0
867,2012,8,12,2012-06-24,0
868,2012,9,9,2012-07-08,0
869,2012,10,10,2012-07-22,0
870,2012,11,11,2012-07-29,0
871,2012,12,13,2012-09-02,0
872,2012,13,14,2012-09-09,0
873,2012,14,15,2012-09-23,0
874,2012,15,22,2012-10-07,0
875,2012,16,35,2012-10-14,0
876,2012,17,68,2012-10-28,0
877,2012,18,24,2012-11-04,0
878,2012,19,69,2012-11-18,0
879,2012,20,18,2012-11-25,0
880,2013,1,1,2013-03-17,0
881,2013,2,2,2013-03-24,0
882,2013,3,17,2013-04-14,0
883,2013,4,3,2013-04-21,0
884,2013,5,4,2013-05-12,0
885,2013,6,6,2013-05-26,0
886,2013,7,7,2013-06-09,0
887,2013,8,9,2013-06-30,0
888,2013,9,20,2013-07-07,0
890,2013,10,11,2013-07-28,0
891,2013,11,13,2013-08-25,0
892,2013,12,14,2013-09-08,0
893,2013,13,15,2013-09-22,0
894,2013,14,35,2013-10-06,0
895,2013,15,22,2013-10-13,0
896,2013,16,68,2013-10-27,0
897,2013,17,24,2013-11-03,0
898,2013,18,69,2013-11-17,0
899,2013,19,18,2013-11-24,0
900,2014,1,1,2014-03-16,0
901,2014,2,2,2014-03-30,0
902,2014,3,3,2014-04-06,0
903,2014,4,17,2014-04-20,0
904,2014,5,4,2014-05-11,0
905,2014,6,6,2014-05-25,0
906,2014,7,7,2014-06-08,0
907,2014,8,70,2014-06-22,0
908,2014,9,9,2014-07-06,0
909,2014,10,10,2014-07-20,0
910,2014,11,11,2014-07-27,0
911,2014,12,13,2014-08-24,0
912,2014,13,14,2014-09-07,0
913,2014,14,15,2014-09-21,0
914,2014,15,22,2014-10-05,0
915,2014,16,71,2014-10-12,0
916,2014,17,69,2014-11-02,0
917,2014,18,18,2014-11-09,0
918,2014,19,24,2014-11-23,0
931,2015,6,6,2015-05-24,0
932,2015,7,7,2015-06-07,0
929,2015,4,3,2015-04-19,0
930,2015,5,4,2015-05-10,0
928,2015,3,17,2015-04-12,0
926,2015,1,1,2015-03-15,0
927,2015,2,2,2015-03-29,0
933,2015,8,70,2015-06-21,0
934,2015,9,9,2015-07-05,0
936,2015,10,11,2015-07-26,0
937,2015,11,13,2015-08-23,0
938,2015,12,14,2015-09-06,0
939,2015,13,15,2015-09-20,0
940,2015,14,22,2015-09-27,0
941,2015,15,71,2015-10-11,0
942,2015,16,69,2015-10-25,0
943,2015,17,32,2015-11-01,0
944,2015,18,18,2015-11-15,0
945,2015,19,24,2015-11-29,0
948,2016,1,1,2016-03-20,0
949,2016,2,3,2016-04-03,0
950,2016,3,17,2016-04-17,0
951,2016,4,71,2016-05-01,0
952,2016,5,4,2016-05-15,0
953,2016,6,6,2016-05-29,0
954,2016,7,7,2016-06-12,0
955,2016,8,73,2016-06-19,0
956,2016,9,70,2016-07-03,0
957,2016,10,9,2016-07-10,0
958,2016,11,11,2016-07-24,0
959,2016,12,10,2016-07-31,0
960,2016,13,13,2016-08-28,0
961,2016,14,14,2016-09-04,0
962,2016,15,15,2016-09-18,0
963,2016,16,2,2016-10-02,0
964,2016,17,22,2016-10-09,0
965,2016,18,69,2016-10-23,0
966,2016,19,32,2016-10-30,0
967,2016,20,18,2016-11-13,0
968,2016,21,24,2016-11-27,0
969,2017,1,1,2017-03-26,0
970,2017,2,17,2017-04-09,0
971,2017,3,3,2017-04-16,0
972,2017,4,71,2017-04-30,0
973,2017,5,4,2017-05-14,0
974,2017,6,6,2017-05-28,0
975,2017,7,7,2017-06-11,0
976,2017,8,73,2017-06-25,0
977,2017,9,70,2017-07-09,0
978,2017,10,9,2017-07-16,0
979,2017,11,11,2017-07-30,0
980,2017,12,13,2017-08-27,0
981,2017,13,14,2017-09-03,0
982,2017,14,15,2017-09-17,0
983,2017,15,2,2017-10-01,0
984,2017,16,22,2017-10-08,0
985,2017,17,69,2017-10-22,0
986,2017,18,32,2017-10-29,0
987,2017,19,18,2017-11-12,0
988,2017,20,24,2017-11-26,0
989,2018,1,1,2018-03-25,0
990,2018,2,3,2018-04-08,0
991,2018,3,17,2018-04-15,0
992,2018,4,73,2018-04-29,0
993,2018,5,4,2018-05-13,0
994,2018,6,6,2018-05-27,0
995,2018,7,7,2018-06-10,0
996,2018,8,34,2018-06-24,0
997,2018,9,70,2018-07-01,0
998,2018,10,9,2018-07-08,0
999,2018,11,10,2018-07-22,0
1000,2018,12,11,2018-07-29,0
1001,2018,13,13,2018-08-26,0
1002,2018,14,14,2018-09-02,0
1003,2018,15,15,2018-09-16,0
1004,2018,16,71,2018-09-30,0
1005,2018,17,22,2018-10-07,0
1006,2018,18,69,2018-10-21,0
1007,2018,19,32,2018-10-28,0
1008,2018,20,18,2018-11-11,0
1009,2018,21,24,2018-11-25,0
1010,2019,1,1,2019-03-17,0
1011,2019,2,3,2019-03-31,0
1012,2019,3,17,2019-04-14,0
1013,2019,4,73,2019-04-28,0
1014,2019,5,4,2019-05-12,0
1015,2019,6,6,2019-05-26,0
1016,2019,7,7,2019-06-09,0
1017,2019,8,34,2019-06-23,0
1018,2019,9,70,2019-06-30,0
1019,2019,10,9,2019-07-14,0
1020,2019,11,10,2019-07-28,0
1021,2019,12,11,2019-08-04,0
1022,2019,13,13,2019-09-01,0
1023,2019,14,14,2019-09-08,0
1024,2019,15,15,2019-09-22,0
1025,2019,16,71,2019-09-29,0
1026,2019,17,22,2019-10-13,0
1027,2019,18,32,2019-10-27,0
1028,2019,19,69,2019-11-03,0
1029,2019,20,18,2019-11-17,0
1030,2019,21,24,2019-12-01,0
1031,2020,1,70,2020-07-05,0
1032,2020,2,70,2020-07-12,0
1033,2020,3,11,2020-07-19,0
1034,2020,4,9,2020-08-02,0
1035,2020,5,9,2020-08-09,0
1036,2020,6,4,2020-08-16,0
1037,2020,7,13,2020-08-30,0
1038,2020,8,14,2020-09-06,0
1039,2020,9,76,2020-09-13,0
1040,2020,10,71,2020-09-27,0
1041,2020,11,20,2020-10-11,0
1042,2020,12,75,2020-10-25,0
1043,2020,13,21,2020-11-01,0
1044,2020,14,5,2020-11-15,0
1045,2020,15,3,2020-11-29,0
1046,2020,16,3,2020-12-06,0
1047,2020,17,24,2020-12-13,0
1053,2021,2,21,2021-04-18,0
1074,2022,1,3,2022-03-20,0
1052,2021,1,3,2021-03-28,0
1051,2021,20,78,2021-11-21,0
1054,2021,3,75,2021-05-02,0
1055,2021,4,4,2021-05-09,0
1056,2021,5,6,2021-05-23,0
1057,2021,6,73,2021-06-06,0
1058,2021,8,70,2021-06-27,0
1059,2021,7,34,2021-06-20,0
1060,2021,9,70,2021-07-04,0
1061,2021,10,9,2021-07-18,0
1062,2021,11,11,2021-08-01,0
1063,2021,12,13,2021-08-29,0
1064,2021,13,39,2021-09-05,0
1065,2021,14,14,2021-09-12,0
1066,2021,15,71,2021-09-26,0
1067,2021,16,5,2021-10-10,0
1069,2021,17,69,2021-10-24,0
1070,2021,18,32,2021-11-07,0
1071,2021,19,18,2021-11-14,0
1072,2021,21,77,2021-12-05,0
1073,2021,22,24,2021-12-12,0
1075,2022,2,77,2022-03-27,0
1076,2022,3,1,2022-04-10,0
1077,2022,4,21,2022-04-24,0
1078,2022,5,79,2022-05-08,0
1079,2022,6,4,2022-05-22,0
1080,2022,7,6,2022-05-29,0
1081,2022,8,73,2022-06-12,0
1082,2022,9,7,2022-06-19,0
1083,2022,10,9,2022-07-03,0
1084,2022,11,70,2022-07-10,0
1085,2022,12,34,2022-07-24,0
1086,2022,13,11,2022-07-31,0
1087,2022,14,13,2022-08-28,0
1088,2022,15,39,2022-09-04,0
1089,2022,16,14,2022-09-11,0
1091,2022,17,15,2022-10-02,0
1092,2022,18,22,2022-10-09,0
1093,2022,19,69,2022-10-23,0
1094,2022,20,32,2022-10-30,0
1095,2022,21,18,2022-11-13,0
1096,2022,22,24,2022-11-20,0
1098,2023,1,3,2023-03-05,0
1099,2023,2,77,2023-03-19,0
1100,2023,3,1,2023-04-02,0
1101,2023,4,73,2023-04-30,0
1102,2023,5,79,2023-05-07,0
1104,2023,6,6,2023-05-28,0
1105,2023,7,4,2023-06-04,0
1106,2023,8,7,2023-06-18,0
1107,2023,9,70,2023-07-02,0
1108,2023,10,9,2023-07-09,0
1109,2023,11,11,2023-07-23,0
1110,2023,12,13,2023-07-30,0
1111,2023,13,39,2023-08-27,0
1112,2023,14,14,2023-09-03,0
1113,2023,15,15,2023-09-17,0
1114,2023,16,22,2023-09-24,0
1115,2023,17,78,2023-10-08,0
1116,2023,18,69,2023-10-22,0
1117,2023,19,32,2023-10-29,0
1118,2023,20,18,2023-11-05,0
1119,2023,21,80,2023-11-19,0
1120,2023,22,24,2023-11-26,0
1121,2024,1,3,2024-03-02,0
1122,2024,2,77,2024-03-09,0
1123,2024,3,1,2024-03-24,0
1124,2024,4,22,2024-04-07,0
1125,2024,5,17,2024-04-21,0
1126,2024,6,79,2024-05-05,0
1127,2024,7,21,2024-05-19,0
1128,2024,8,6,2024-05-26,0
1129,2024,9,7,2024-06-09,0
1130,2024,10,4,2024-06-23,0
1131,2024,11,70,2024-06-30,0
1132,2024,12,9,2024-07-07,0
1133,2024,13,11,2024-07-21,0
1134,2024,14,13,2024-07-28,0
1135,2024,15,39,2024-08-25,0
1136,2024,16,14,2024-09-01,0
1137,2024,17,73,2024-09-15,0
1138,2024,18,15,2024-09-22,0
1139,2024,19,69,2024-10-20,0
1140,2024,20,32,2024-10-27,0
1141,2024,21,18,2024-11-03,0
1142,2024,22,80,2024-11-23,0
1143,2024,23,78,2024-12-01,0
1144,2024,24,24,2024-12-08,0
